timestamp_utc,respondent,respondent_name,value_mwh,type_name,loaded_at
2026-06-12T15:00:00,PJM,"PJM Interconnection, LLC",118685,Demand,2026-06-19T15:16:40Z
2026-06-12T16:00:00,PJM,"PJM Interconnection, LLC",122791,Demand,2026-06-19T15:16:40Z
2026-06-12T17:00:00,PJM,"PJM Interconnection, LLC",127577,Demand,2026-06-19T15:16:40Z
2026-06-12T18:00:00,PJM,"PJM Interconnection, LLC",131631,Demand,2026-06-19T15:16:40Z
2026-06-12T19:00:00,PJM,"PJM Interconnection, LLC",135241,Demand,2026-06-19T15:16:40Z
2026-06-12T20:00:00,PJM,"PJM Interconnection, LLC",137602,Demand,2026-06-19T15:16:40Z
2026-06-12T21:00:00,PJM,"PJM Interconnection, LLC",139927,Demand,2026-06-19T15:16:40Z
2026-06-12T22:00:00,PJM,"PJM Interconnection, LLC",140165,Demand,2026-06-19T15:16:40Z
2026-06-12T23:00:00,PJM,"PJM Interconnection, LLC",137985,Demand,2026-06-19T15:16:40Z
2026-06-13T00:00:00,PJM,"PJM Interconnection, LLC",133137,Demand,2026-06-19T15:16:40Z
2026-06-13T01:00:00,PJM,"PJM Interconnection, LLC",127204,Demand,2026-06-19T15:16:40Z
2026-06-13T02:00:00,PJM,"PJM Interconnection, LLC",121670,Demand,2026-06-19T15:16:40Z
2026-06-13T03:00:00,PJM,"PJM Interconnection, LLC",115052,Demand,2026-06-19T15:16:40Z
2026-06-13T04:00:00,PJM,"PJM Interconnection, LLC",108012,Demand,2026-06-19T15:16:40Z
2026-06-13T05:00:00,PJM,"PJM Interconnection, LLC",101373,Demand,2026-06-19T15:16:40Z
2026-06-13T06:00:00,PJM,"PJM Interconnection, LLC",96828,Demand,2026-06-19T15:16:40Z
2026-06-13T07:00:00,PJM,"PJM Interconnection, LLC",92896,Demand,2026-06-19T15:16:40Z
2026-06-13T08:00:00,PJM,"PJM Interconnection, LLC",89488,Demand,2026-06-19T15:16:40Z
2026-06-13T09:00:00,PJM,"PJM Interconnection, LLC",87203,Demand,2026-06-19T15:16:40Z
2026-06-13T10:00:00,PJM,"PJM Interconnection, LLC",86184,Demand,2026-06-19T15:16:40Z
2026-06-13T11:00:00,PJM,"PJM Interconnection, LLC",86196,Demand,2026-06-19T15:16:40Z
2026-06-13T12:00:00,PJM,"PJM Interconnection, LLC",89970,Demand,2026-06-19T15:16:40Z
2026-06-13T13:00:00,PJM,"PJM Interconnection, LLC",95243,Demand,2026-06-19T15:16:40Z
2026-06-13T14:00:00,PJM,"PJM Interconnection, LLC",100076,Demand,2026-06-19T15:16:40Z
2026-06-13T15:00:00,PJM,"PJM Interconnection, LLC",104636,Demand,2026-06-19T15:16:40Z
2026-06-13T16:00:00,PJM,"PJM Interconnection, LLC",107953,Demand,2026-06-19T15:16:40Z
2026-06-13T17:00:00,PJM,"PJM Interconnection, LLC",110543,Demand,2026-06-19T15:16:40Z
2026-06-13T18:00:00,PJM,"PJM Interconnection, LLC",114007,Demand,2026-06-19T15:16:40Z
2026-06-13T19:00:00,PJM,"PJM Interconnection, LLC",117699,Demand,2026-06-19T15:16:40Z
2026-06-13T20:00:00,PJM,"PJM Interconnection, LLC",121695,Demand,2026-06-19T15:16:40Z
2026-06-13T21:00:00,PJM,"PJM Interconnection, LLC",124688,Demand,2026-06-19T15:16:40Z
2026-06-13T22:00:00,PJM,"PJM Interconnection, LLC",126594,Demand,2026-06-19T15:16:40Z
2026-06-13T23:00:00,PJM,"PJM Interconnection, LLC",126033,Demand,2026-06-19T15:16:40Z
2026-06-14T00:00:00,PJM,"PJM Interconnection, LLC",122994,Demand,2026-06-19T15:16:40Z
2026-06-14T01:00:00,PJM,"PJM Interconnection, LLC",117899,Demand,2026-06-19T15:16:40Z
2026-06-14T02:00:00,PJM,"PJM Interconnection, LLC",113850,Demand,2026-06-19T15:16:40Z
2026-06-14T03:00:00,PJM,"PJM Interconnection, LLC",107971,Demand,2026-06-19T15:16:40Z
2026-06-14T04:00:00,PJM,"PJM Interconnection, LLC",101578,Demand,2026-06-19T15:16:40Z
2026-06-14T05:00:00,PJM,"PJM Interconnection, LLC",96822,Demand,2026-06-19T15:16:40Z
2026-06-14T06:00:00,PJM,"PJM Interconnection, LLC",92743,Demand,2026-06-19T15:16:40Z
2026-06-14T07:00:00,PJM,"PJM Interconnection, LLC",89516,Demand,2026-06-19T15:16:40Z
2026-06-14T08:00:00,PJM,"PJM Interconnection, LLC",86644,Demand,2026-06-19T15:16:40Z
2026-06-14T09:00:00,PJM,"PJM Interconnection, LLC",84992,Demand,2026-06-19T15:16:40Z
2026-06-14T10:00:00,PJM,"PJM Interconnection, LLC",84356,Demand,2026-06-19T15:16:40Z
2026-06-14T11:00:00,PJM,"PJM Interconnection, LLC",84415,Demand,2026-06-19T15:16:40Z
2026-06-14T12:00:00,PJM,"PJM Interconnection, LLC",86650,Demand,2026-06-19T15:16:40Z
2026-06-14T13:00:00,PJM,"PJM Interconnection, LLC",91262,Demand,2026-06-19T15:16:40Z
2026-06-14T14:00:00,PJM,"PJM Interconnection, LLC",96531,Demand,2026-06-19T15:16:40Z
2026-06-14T15:00:00,PJM,"PJM Interconnection, LLC",101557,Demand,2026-06-19T15:16:40Z
2026-06-14T16:00:00,PJM,"PJM Interconnection, LLC",105784,Demand,2026-06-19T15:16:40Z
2026-06-14T17:00:00,PJM,"PJM Interconnection, LLC",111024,Demand,2026-06-19T15:16:40Z
2026-06-14T18:00:00,PJM,"PJM Interconnection, LLC",115239,Demand,2026-06-19T15:16:40Z
2026-06-14T19:00:00,PJM,"PJM Interconnection, LLC",118228,Demand,2026-06-19T15:16:40Z
2026-06-14T20:00:00,PJM,"PJM Interconnection, LLC",119808,Demand,2026-06-19T15:16:40Z
2026-06-14T21:00:00,PJM,"PJM Interconnection, LLC",119744,Demand,2026-06-19T15:16:40Z
2026-06-14T22:00:00,PJM,"PJM Interconnection, LLC",119957,Demand,2026-06-19T15:16:40Z
2026-06-14T23:00:00,PJM,"PJM Interconnection, LLC",118075,Demand,2026-06-19T15:16:40Z
2026-06-15T00:00:00,PJM,"PJM Interconnection, LLC",114544,Demand,2026-06-19T15:16:40Z
2026-06-15T01:00:00,PJM,"PJM Interconnection, LLC",111363,Demand,2026-06-19T15:16:40Z
2026-06-15T02:00:00,PJM,"PJM Interconnection, LLC",107514,Demand,2026-06-19T15:16:40Z
2026-06-15T03:00:00,PJM,"PJM Interconnection, LLC",102300,Demand,2026-06-19T15:16:40Z
2026-06-15T04:00:00,PJM,"PJM Interconnection, LLC",96118,Demand,2026-06-19T15:16:40Z
2026-06-15T05:00:00,PJM,"PJM Interconnection, LLC",91036,Demand,2026-06-19T15:16:40Z
2026-06-15T06:00:00,PJM,"PJM Interconnection, LLC",88428,Demand,2026-06-19T15:16:40Z
2026-06-15T07:00:00,PJM,"PJM Interconnection, LLC",87078,Demand,2026-06-19T15:16:40Z
2026-06-15T08:00:00,PJM,"PJM Interconnection, LLC",85523,Demand,2026-06-19T15:16:40Z
2026-06-15T09:00:00,PJM,"PJM Interconnection, LLC",85255,Demand,2026-06-19T15:16:40Z
2026-06-15T10:00:00,PJM,"PJM Interconnection, LLC",86434,Demand,2026-06-19T15:16:40Z
2026-06-15T11:00:00,PJM,"PJM Interconnection, LLC",88518,Demand,2026-06-19T15:16:40Z
2026-06-15T12:00:00,PJM,"PJM Interconnection, LLC",92669,Demand,2026-06-19T15:16:40Z
2026-06-15T13:00:00,PJM,"PJM Interconnection, LLC",95803,Demand,2026-06-19T15:16:40Z
2026-06-15T14:00:00,PJM,"PJM Interconnection, LLC",97203,Demand,2026-06-19T15:16:40Z
2026-06-15T15:00:00,PJM,"PJM Interconnection, LLC",97899,Demand,2026-06-19T15:16:40Z
2026-06-15T16:00:00,PJM,"PJM Interconnection, LLC",99094,Demand,2026-06-19T15:16:40Z
2026-06-15T17:00:00,PJM,"PJM Interconnection, LLC",100356,Demand,2026-06-19T15:16:40Z
2026-06-15T18:00:00,PJM,"PJM Interconnection, LLC",101587,Demand,2026-06-19T15:16:40Z
2026-06-15T19:00:00,PJM,"PJM Interconnection, LLC",102514,Demand,2026-06-19T15:16:40Z
2026-06-15T20:00:00,PJM,"PJM Interconnection, LLC",103882,Demand,2026-06-19T15:16:40Z
2026-06-15T21:00:00,PJM,"PJM Interconnection, LLC",105881,Demand,2026-06-19T15:16:40Z
2026-06-15T22:00:00,PJM,"PJM Interconnection, LLC",107626,Demand,2026-06-19T15:16:40Z
2026-06-15T23:00:00,PJM,"PJM Interconnection, LLC",107756,Demand,2026-06-19T15:16:40Z
2026-06-16T00:00:00,PJM,"PJM Interconnection, LLC",106232,Demand,2026-06-19T15:16:40Z
2026-06-16T01:00:00,PJM,"PJM Interconnection, LLC",103048,Demand,2026-06-19T15:16:40Z
2026-06-16T02:00:00,PJM,"PJM Interconnection, LLC",100168,Demand,2026-06-19T15:16:40Z
2026-06-16T03:00:00,PJM,"PJM Interconnection, LLC",95170,Demand,2026-06-19T15:16:40Z
2026-06-16T04:00:00,PJM,"PJM Interconnection, LLC",88981,Demand,2026-06-19T15:16:40Z
2026-06-16T05:00:00,PJM,"PJM Interconnection, LLC",84330,Demand,2026-06-19T15:16:40Z
2026-06-16T06:00:00,PJM,"PJM Interconnection, LLC",81977,Demand,2026-06-19T15:16:40Z
2026-06-16T07:00:00,PJM,"PJM Interconnection, LLC",80260,Demand,2026-06-19T15:16:40Z
2026-06-16T08:00:00,PJM,"PJM Interconnection, LLC",79331,Demand,2026-06-19T15:16:40Z
2026-06-16T09:00:00,PJM,"PJM Interconnection, LLC",79413,Demand,2026-06-19T15:16:40Z
2026-06-16T10:00:00,PJM,"PJM Interconnection, LLC",81124,Demand,2026-06-19T15:16:40Z
2026-06-16T11:00:00,PJM,"PJM Interconnection, LLC",83824,Demand,2026-06-19T15:16:40Z
2026-06-16T12:00:00,PJM,"PJM Interconnection, LLC",87063,Demand,2026-06-19T15:16:40Z
2026-06-16T13:00:00,PJM,"PJM Interconnection, LLC",88135,Demand,2026-06-19T15:16:40Z
2026-06-16T14:00:00,PJM,"PJM Interconnection, LLC",88633,Demand,2026-06-19T15:16:40Z
2026-06-16T15:00:00,PJM,"PJM Interconnection, LLC",90357,Demand,2026-06-19T15:16:40Z
2026-06-16T16:00:00,PJM,"PJM Interconnection, LLC",92122,Demand,2026-06-19T15:16:40Z
2026-06-16T17:00:00,PJM,"PJM Interconnection, LLC",94337,Demand,2026-06-19T15:16:40Z
2026-06-16T18:00:00,PJM,"PJM Interconnection, LLC",97099,Demand,2026-06-19T15:16:40Z
2026-06-16T19:00:00,PJM,"PJM Interconnection, LLC",99600,Demand,2026-06-19T15:16:40Z
2026-06-16T20:00:00,PJM,"PJM Interconnection, LLC",102221,Demand,2026-06-19T15:16:40Z
2026-06-16T21:00:00,PJM,"PJM Interconnection, LLC",105280,Demand,2026-06-19T15:16:40Z
2026-06-16T22:00:00,PJM,"PJM Interconnection, LLC",107466,Demand,2026-06-19T15:16:40Z
2026-06-16T23:00:00,PJM,"PJM Interconnection, LLC",107759,Demand,2026-06-19T15:16:40Z
2026-06-17T00:00:00,PJM,"PJM Interconnection, LLC",105813,Demand,2026-06-19T15:16:40Z
2026-06-17T01:00:00,PJM,"PJM Interconnection, LLC",102552,Demand,2026-06-19T15:16:40Z
2026-06-17T02:00:00,PJM,"PJM Interconnection, LLC",100208,Demand,2026-06-19T15:16:40Z
2026-06-17T03:00:00,PJM,"PJM Interconnection, LLC",95206,Demand,2026-06-19T15:16:40Z
2026-06-17T04:00:00,PJM,"PJM Interconnection, LLC",89913,Demand,2026-06-19T15:16:40Z
2026-06-17T05:00:00,PJM,"PJM Interconnection, LLC",85575,Demand,2026-06-19T15:16:40Z
2026-06-17T06:00:00,PJM,"PJM Interconnection, LLC",83240,Demand,2026-06-19T15:16:40Z
2026-06-17T07:00:00,PJM,"PJM Interconnection, LLC",81799,Demand,2026-06-19T15:16:40Z
2026-06-17T08:00:00,PJM,"PJM Interconnection, LLC",80538,Demand,2026-06-19T15:16:40Z
2026-06-17T09:00:00,PJM,"PJM Interconnection, LLC",80931,Demand,2026-06-19T15:16:40Z
2026-06-17T10:00:00,PJM,"PJM Interconnection, LLC",82500,Demand,2026-06-19T15:16:40Z
2026-06-17T11:00:00,PJM,"PJM Interconnection, LLC",85368,Demand,2026-06-19T15:16:40Z
2026-06-17T12:00:00,PJM,"PJM Interconnection, LLC",89321,Demand,2026-06-19T15:16:40Z
2026-06-17T13:00:00,PJM,"PJM Interconnection, LLC",93103,Demand,2026-06-19T15:16:40Z
2026-06-17T14:00:00,PJM,"PJM Interconnection, LLC",95078,Demand,2026-06-19T15:16:40Z
2026-06-17T15:00:00,PJM,"PJM Interconnection, LLC",97578,Demand,2026-06-19T15:16:40Z
2026-06-17T16:00:00,PJM,"PJM Interconnection, LLC",100716,Demand,2026-06-19T15:16:40Z
2026-06-17T17:00:00,PJM,"PJM Interconnection, LLC",104438,Demand,2026-06-19T15:16:40Z
2026-06-17T18:00:00,PJM,"PJM Interconnection, LLC",108603,Demand,2026-06-19T15:16:40Z
2026-06-17T19:00:00,PJM,"PJM Interconnection, LLC",110702,Demand,2026-06-19T15:16:40Z
2026-06-17T20:00:00,PJM,"PJM Interconnection, LLC",112563,Demand,2026-06-19T15:16:40Z
2026-06-17T21:00:00,PJM,"PJM Interconnection, LLC",113799,Demand,2026-06-19T15:16:40Z
2026-06-17T22:00:00,PJM,"PJM Interconnection, LLC",114801,Demand,2026-06-19T15:16:40Z
2026-06-17T23:00:00,PJM,"PJM Interconnection, LLC",114559,Demand,2026-06-19T15:16:40Z
2026-06-18T00:00:00,PJM,"PJM Interconnection, LLC",112283,Demand,2026-06-19T15:16:40Z
2026-06-18T01:00:00,PJM,"PJM Interconnection, LLC",109928,Demand,2026-06-19T15:16:40Z
2026-06-18T02:00:00,PJM,"PJM Interconnection, LLC",107772,Demand,2026-06-19T15:16:40Z
2026-06-18T03:00:00,PJM,"PJM Interconnection, LLC",102693,Demand,2026-06-19T15:16:40Z
2026-06-18T04:00:00,PJM,"PJM Interconnection, LLC",97422,Demand,2026-06-19T15:16:40Z
2026-06-18T05:00:00,PJM,"PJM Interconnection, LLC",94106,Demand,2026-06-19T15:16:40Z
2026-06-18T06:00:00,PJM,"PJM Interconnection, LLC",91967,Demand,2026-06-19T15:16:40Z
2026-06-18T07:00:00,PJM,"PJM Interconnection, LLC",89767,Demand,2026-06-19T15:16:40Z
2026-06-18T08:00:00,PJM,"PJM Interconnection, LLC",88330,Demand,2026-06-19T15:16:40Z
2026-06-18T09:00:00,PJM,"PJM Interconnection, LLC",88838,Demand,2026-06-19T15:16:40Z
2026-06-18T10:00:00,PJM,"PJM Interconnection, LLC",91357,Demand,2026-06-19T15:16:40Z
2026-06-18T11:00:00,PJM,"PJM Interconnection, LLC",95009,Demand,2026-06-19T15:16:40Z
2026-06-18T12:00:00,PJM,"PJM Interconnection, LLC",99773,Demand,2026-06-19T15:16:40Z
2026-06-18T13:00:00,PJM,"PJM Interconnection, LLC",103485,Demand,2026-06-19T15:16:40Z
2026-06-18T14:00:00,PJM,"PJM Interconnection, LLC",106018,Demand,2026-06-19T15:16:40Z
2026-06-18T15:00:00,PJM,"PJM Interconnection, LLC",106555,Demand,2026-06-19T15:16:40Z
2026-06-18T16:00:00,PJM,"PJM Interconnection, LLC",107631,Demand,2026-06-19T15:16:40Z
2026-06-18T17:00:00,PJM,"PJM Interconnection, LLC",109928,Demand,2026-06-19T15:16:40Z
2026-06-18T18:00:00,PJM,"PJM Interconnection, LLC",113348,Demand,2026-06-19T15:16:40Z
2026-06-18T19:00:00,PJM,"PJM Interconnection, LLC",116658,Demand,2026-06-19T15:16:40Z
2026-06-18T20:00:00,PJM,"PJM Interconnection, LLC",118768,Demand,2026-06-19T15:16:40Z
2026-06-18T21:00:00,PJM,"PJM Interconnection, LLC",120181,Demand,2026-06-19T15:16:40Z
2026-06-18T22:00:00,PJM,"PJM Interconnection, LLC",120795,Demand,2026-06-19T15:16:40Z
2026-06-18T23:00:00,PJM,"PJM Interconnection, LLC",119773,Demand,2026-06-19T15:16:40Z
2026-06-19T00:00:00,PJM,"PJM Interconnection, LLC",117461,Demand,2026-06-19T15:16:40Z
2026-06-19T01:00:00,PJM,"PJM Interconnection, LLC",114162,Demand,2026-06-19T15:16:40Z
2026-06-19T02:00:00,PJM,"PJM Interconnection, LLC",111137,Demand,2026-06-19T15:16:40Z
2026-06-19T03:00:00,PJM,"PJM Interconnection, LLC",105646,Demand,2026-06-19T15:16:40Z
2026-06-19T04:00:00,PJM,"PJM Interconnection, LLC",100379,Demand,2026-06-19T15:16:40Z
2026-06-19T05:00:00,PJM,"PJM Interconnection, LLC",95593,Demand,2026-06-19T15:16:40Z
2026-06-19T06:00:00,PJM,"PJM Interconnection, LLC",92080,Demand,2026-06-19T15:16:40Z
2026-06-19T07:00:00,PJM,"PJM Interconnection, LLC",89277,Demand,2026-06-19T15:16:40Z
2026-06-19T08:00:00,PJM,"PJM Interconnection, LLC",87089,Demand,2026-06-19T15:16:40Z
2026-06-19T09:00:00,PJM,"PJM Interconnection, LLC",86226,Demand,2026-06-19T15:16:40Z
2026-06-19T10:00:00,PJM,"PJM Interconnection, LLC",87417,Demand,2026-06-19T15:16:40Z
2026-06-19T11:00:00,PJM,"PJM Interconnection, LLC",89012,Demand,2026-06-19T15:16:40Z
2026-06-19T12:00:00,PJM,"PJM Interconnection, LLC",91359,Demand,2026-06-19T15:16:40Z
2026-06-19T13:00:00,PJM,"PJM Interconnection, LLC",93955,Demand,2026-06-19T15:16:40Z
2026-06-19T14:00:00,PJM,"PJM Interconnection, LLC",96294,Demand,2026-06-19T15:16:40Z
